    <!--
    build example for kissy loader
    @author yiminghe@gmail.com
    -->
    <project name="js.build" default="build" basedir="." xmlns:ac="antlib:net.sf.antcontrib">

        <!--入口文件模块所在目录-->
        <dirname property="current.dir" file="${ant.file.compressor.build}"/>
        <property name="assets.dir" location="${current.dir}/src/assets/js/"/>
        <property name="build.dir" location="${current.dir}/build-combo/"/>

        <!--项目文件编码-->
        <property name="charset" value="utf-8"/>

        <!-- kissy tools 项目源码目录 -->
        <!-- 注意：请用 kissy tools 中的 ant 运行此 xml -->
         <property name="ks.tools" value="${current.dir}/tools/kissy-tools"/>

        <property name="module.compiler" value="${ks.tools}\module-compiler\module-compiler.jar"/>
        <property name="yui.compiler" value="${ks.tools}\yuicompressor\yuicompressor.jar"/>

        <!-- js 构建-->
        <target name='jsrun' depends="combo">
        </target>

        <target name='prepare'>
            <mkdir dir="${build.dir}"></mkdir>
            <delete>
                <fileset dir="${build.dir}" includes="**/*.js"/>
            </delete>
            <copy encoding="${charset}" todir="${build.dir}">
                <fileset dir="${assets.dir}" includes="**/*"/>
            </copy>
        </target>

        <!--js  combo 地址获取-->
        <target name='combo' depends="prepare">
            <java classname="com.taobao.f2e.ExtractDependency">
                <arg value="-baseUrls"/>
                <arg value="${build.dir}"/>

                <arg value="-encodings"/>
                <arg value="${charset}"/>

                <arg value="-outputEncoding"/>
                <arg value="utf-8"/>

                <arg value="-output"/>
                <arg value="${build.dir}/deps.js"/>

                <arg value="-fixModuleName"/>
                <!--自动 combo 需要补全文件名-->
                <arg value="true"/>

                <classpath>
                    <pathelement path="${module.compiler}"/>
                    <pathelement path="${java.class.path}"/>
                </classpath>
            </java>
        </target>

         <!-- 用 YUICompressor 压缩 CSS,JS -->
        <target name="compress">
            <apply executable="java" verbose="true" dest="${build.dir}">
                <fileset dir="${build.dir}" includes="**/*.js"/>
                <arg line="-jar"/>
                <arg path="${yui.compiler}"/>
                <arg line="--charset ${charset}"/>
                <srcfile/>
                <arg line="-o"/>
                <targetfile/>
                <mapper type="regexp" from="^(.*)\.(css|js)$" to="\1-min.\2"/>
            </apply>
        </target>
        <!-- END OF 用YUICompressor 压缩 CSS -->

        <!-- 对 JS 文件 ASCII 化 -->
        <target name="native2ascii"  depends="compress">
            <mkdir dir="${build.dir}/tmp"/>
            <copy todir="${build.dir}/tmp">
                <fileset dir="${build.dir}"/>
            </copy>
            <native2ascii encoding="${charset}"
                          src="${build.dir}/tmp/"
                          dest="${build.dir}"
                          includes="**/*-min.js">
            </native2ascii>
            <delete dir="${build.dir}/tmp"/>
        </target>

        <!--项目(js,css)构建-->
        <target name="build" depends="jsrun,compress,native2ascii"/>

    </project>